id,first_name,last_name,email,gender,ip_address
1,Donall,Tonnesen,dtonnesen0@nasa.gov,Male,107.245.200.84
2,Sharron,Reihm,sreihm1@google.com.hk,Female,106.149.239.211
3,Allis,Klampt,aklampt2@kickstarter.com,Bigender,188.3.157.196
4,Nicole,Skirvin,nskirvin3@gizmodo.com,Female,104.226.147.158
5,Josee,Crouse,jcrouse4@netvibes.com,Female,92.164.9.58
6,Natalina,Flockhart,nflockhart5@ebay.com,Female,220.42.60.19
7,Sutherlan,Legrice,slegrice6@histats.com,Male,230.121.36.6
8,Kippy,Talby,ktalby7@artisteer.com,Female,6.237.47.229
9,Brittney,Jancic,bjancic8@studiopress.com,Female,230.68.99.30
10,Meaghan,Sydney,msydney9@nbcnews.com,Female,7.5.182.242
11,Analise,Colgan,acolgana@i2i.jp,Female,95.5.171.179
12,Cross,Davison,cdavisonb@psu.edu,Non-binary,190.26.133.164
13,Dory,Rathe,drathec@abc.net.au,Female,163.135.209.1
14,Patricio,Magrannell,pmagrannelld@miitbeian.gov.cn,Bigender,51.102.47.18
15,Stanly,Benko,sbenkoe@soup.io,Male,157.228.106.164
16,Kaela,Geerdts,kgeerdtsf@berkeley.edu,Bigender,224.153.163.26
17,Cam,Mullett,cmullettg@shutterfly.com,Female,233.186.33.169
18,Lay,Tressler,ltresslerh@edublogs.org,Male,50.74.67.241
19,Anthia,Le Surf,alesurfi@squarespace.com,Female,204.79.2.86
20,Ricard,Gorusso,rgorussoj@sfgate.com,Male,141.8.175.102
21,Ellette,Eilhart,eeilhartk@fastcompany.com,Non-binary,156.240.218.103
22,Anthia,Bladesmith,abladesmithl@livejournal.com,Female,167.25.82.188
23,Hanan,Fassman,hfassmanm@shareasale.com,Male,222.59.232.168
24,Marvin,Fawbert,mfawbertn@ucoz.ru,Male,187.202.52.42
25,Alicia,McCorry,amccorryo@bbb.org,Polygender,187.147.216.153
26,Moss,Lude,mludep@feedburner.com,Male,152.129.54.253
27,Trudie,Sedge,tsedgeq@indiatimes.com,Female,66.109.60.243
28,Jaquelyn,Sayer,jsayerr@washingtonpost.com,Female,240.172.239.120
29,Rabi,Kilshaw,rkilshaws@hatena.ne.jp,Male,182.211.72.226
30,Leonard,Althrope,lalthropet@homestead.com,Male,77.153.139.64
31,Tamera,June,tjuneu@mayoclinic.com,Female,190.231.92.161
32,Madalyn,Reffe,mreffev@bizjournals.com,Female,239.255.57.169
33,Artemas,Burton,aburtonw@mysql.com,Male,252.127.239.87
34,Jorgan,Enns,jennsx@miitbeian.gov.cn,Male,74.53.47.36
35,Terrel,Bernetti,tbernettiy@thetimes.co.uk,Male,95.51.49.255
36,Quincy,Garrit,qgarritz@bloglovin.com,Male,36.183.139.49
37,Selestina,Kernley,skernley10@vinaora.com,Female,135.164.217.72
38,Alvinia,Spirit,aspirit11@blogtalkradio.com,Female,1.112.66.124
39,Mord,Warlawe,mwarlawe12@nymag.com,Male,96.6.165.199
40,Parry,Gouldthorp,pgouldthorp13@slideshare.net,Male,222.165.251.92
41,Nicolais,Rooke,nrooke14@gov.uk,Male,137.75.27.197
42,Biron,Catton,bcatton15@eventbrite.com,Male,122.189.62.10
43,Yetty,Robyns,yrobyns16@unicef.org,Female,63.54.121.186
44,Winny,Semple,wsemple17@engadget.com,Female,138.197.136.122
45,Shurlocke,Vesco,svesco18@skyrock.com,Male,122.181.165.146
46,Caresse,Geoghegan,cgeoghegan19@si.edu,Female,156.156.236.53
47,Lombard,Pavelka,lpavelka1a@msn.com,Polygender,4.184.21.185
48,Bernette,Cowill,bcowill1b@cnn.com,Female,124.124.152.234
49,Amalle,Ramsdell,aramsdell1c@altervista.org,Female,229.237.100.47
50,Lutero,Sayre,lsayre1d@cocolog-nifty.com,Male,195.227.224.196
51,Melva,Suttill,msuttill1e@networkadvertising.org,Female,12.183.40.139
52,Barbaraanne,Snyder,bsnyder1f@ehow.com,Female,124.113.34.137
53,Welby,Aiton,waiton1g@w3.org,Male,250.185.201.22
54,Field,Byfield,fbyfield1h@eepurl.com,Male,81.141.107.233
55,Sabra,Budgey,sbudgey1i@usda.gov,Female,199.217.213.63
56,Brigham,Spendley,bspendley1j@webeden.co.uk,Male,113.175.171.45
57,Hildagarde,Gaukrodge,hgaukrodge1k@harvard.edu,Female,37.201.136.149
58,Aimil,Critch,acritch1l@upenn.edu,Female,64.209.217.135
59,Enrique,Jeffs,ejeffs1m@typepad.com,Male,199.184.44.75
60,Louis,Draayer,ldraayer1n@upenn.edu,Male,68.92.118.31
61,Gene,Denk,gdenk1o@cnbc.com,Male,116.20.112.209
62,Conroy,McNeilley,cmcneilley1p@joomla.org,Male,13.224.50.15
63,Kilian,Robjohns,krobjohns1q@clickbank.net,Male,140.64.205.240
64,Haskel,Stirman,hstirman1r@free.fr,Male,138.108.18.95
65,Aurora,Plews,aplews1s@bluehost.com,Female,80.107.203.151
66,Florencia,Ollarenshaw,follarenshaw1t@homestead.com,Female,150.207.73.119
67,Nona,Edwards,nedwards1u@craigslist.org,Female,241.47.194.98
68,Hanna,Verdie,hverdie1v@netvibes.com,Female,244.65.175.74
69,Sanson,Hickeringill,shickeringill1w@pinterest.com,Male,236.193.73.157
70,Leonard,Von Salzberg,lvonsalzberg1x@techcrunch.com,Non-binary,91.245.169.57
71,Tallia,Doreward,tdoreward1y@google.fr,Female,106.113.194.86
72,Rachelle,Dansey,rdansey1z@fema.gov,Female,171.48.239.185
73,Cornall,Adds,cadds20@simplemachines.org,Male,190.65.161.88
74,Annis,MacMillan,amacmillan21@yellowpages.com,Female,253.35.234.222
75,Koenraad,Dicken,kdicken22@indiatimes.com,Male,44.131.98.203
76,Basilio,Shellibeer,bshellibeer23@harvard.edu,Bigender,245.46.149.193
77,Toiboid,Reinbeck,treinbeck24@marketwatch.com,Male,16.217.200.192
78,Angelina,Hekkert,ahekkert25@yandex.ru,Female,170.67.169.50
79,Monah,Castanone,mcastanone26@eventbrite.com,Female,215.192.187.201
80,Dylan,Blasio,dblasio27@europa.eu,Male,61.174.190.117
81,Reine,Spiby,rspiby28@reverbnation.com,Female,179.54.98.17
82,Markos,Verlinde,mverlinde29@usnews.com,Male,78.87.214.190
83,Viv,Heed,vheed2a@scientificamerican.com,Female,91.70.51.221
84,Davidde,Tomblin,dtomblin2b@yellowbook.com,Male,141.148.224.23
85,Lynnell,McDermid,lmcdermid2c@nationalgeographic.com,Female,158.210.22.217
86,Drucill,Mateuszczyk,dmateuszczyk2d@xing.com,Female,62.253.181.184
87,Conchita,Willers,cwillers2e@themeforest.net,Agender,30.86.84.149
88,Katti,Sandaver,ksandaver2f@51.la,Female,56.125.22.153
89,Jethro,Curzon,jcurzon2g@dropbox.com,Non-binary,113.210.183.187
90,Umeko,McCullouch,umccullouch2h@oakley.com,Female,114.97.198.76
91,Parsifal,Meconi,pmeconi2i@virginia.edu,Male,189.237.221.112
92,Marve,Paschke,mpaschke2j@army.mil,Male,202.161.119.210
93,Tadeo,Preto,tpreto2k@ovh.net,Male,159.50.232.237
94,Sterne,Connick,sconnick2l@ask.com,Male,219.215.206.171
95,Frederik,Zohrer,fzohrer2m@cnet.com,Male,71.8.79.29
96,Niles,Mulroy,nmulroy2n@edublogs.org,Non-binary,122.82.254.116
97,Renie,Bath,rbath2o@gmpg.org,Female,100.78.30.180
98,Conrad,Abrahamoff,cabrahamoff2p@canalblog.com,Male,30.119.39.149
99,Deirdre,Gurys,dgurys2q@scribd.com,Female,151.66.139.11
100,Durand,Albrecht,dalbrecht2r@gnu.org,Male,246.77.103.229
101,Lenette,Saggs,lsaggs2s@printfriendly.com,Female,150.8.118.194
102,Vince,Laite,vlaite2t@seattletimes.com,Male,64.48.138.230
103,Erie,Creer,ecreer2u@google.com,Male,191.87.103.183
104,Falkner,Olyff,folyff2v@bloglines.com,Male,105.52.167.252
105,Greta,Connah,gconnah2w@reverbnation.com,Female,94.84.203.231
106,Ravi,Lawdham,rlawdham2x@hibu.com,Male,47.171.70.79
107,Kahaleel,Caldeiro,kcaldeiro2y@ted.com,Male,109.252.38.21
108,Christiano,Bottini,cbottini2z@jigsy.com,Male,253.128.136.70
109,Hollie,Dedenham,hdedenham30@rakuten.co.jp,Female,50.205.90.124
110,Bartolomeo,Wealleans,bwealleans31@hugedomains.com,Male,21.155.249.15
111,Marietta,Nellis,mnellis32@php.net,Male,13.182.99.34
112,Ebeneser,Meeland,emeeland33@xrea.com,Male,75.246.248.22
113,Enoch,Cornau,ecornau34@cam.ac.uk,Male,120.171.172.174
114,Nichole,Alvin,nalvin35@tripod.com,Male,162.47.35.114
115,Georgia,Mallaby,gmallaby36@163.com,Polygender,192.75.200.1
116,Desdemona,Beefon,dbeefon37@naver.com,Female,106.125.144.25
117,Mahala,Dyke,mdyke38@1und1.de,Female,176.34.178.77
118,Kirby,Jonke,kjonke39@craigslist.org,Male,89.14.244.44
119,Avie,Ford,aford3a@biblegateway.com,Female,75.202.158.121
120,Marve,Colam,mcolam3b@mozilla.org,Genderqueer,75.81.136.66
121,Thomas,Baynard,tbaynard3c@businesswire.com,Male,133.228.141.216
122,Shermie,Rumbellow,srumbellow3d@tinyurl.com,Male,49.79.38.228
123,Saidee,Mitchely,smitchely3e@canalblog.com,Polygender,71.185.170.138
124,Henrieta,MacCarroll,hmaccarroll3f@discovery.com,Female,75.45.211.111
125,Lyndy,Secrett,lsecrett3g@soundcloud.com,Female,74.219.112.115
126,Ollie,Sole,osole3h@jalbum.net,Female,62.154.244.79
127,Romonda,Hadcroft,rhadcroft3i@list-manage.com,Female,164.78.234.92
128,Zackariah,Kayzer,zkayzer3j@google.es,Male,141.118.11.140
129,Guendolen,Brigstock,gbrigstock3k@latimes.com,Polygender,245.209.224.60
130,Evy,Everil,eeveril3l@europa.eu,Female,226.150.217.200
131,Elia,Bingall,ebingall3m@feedburner.com,Male,93.234.27.54
132,Katinka,Slowcock,kslowcock3n@mit.edu,Female,161.218.56.52
133,Jess,Lovie,jlovie3o@salon.com,Female,122.30.90.0
134,Karil,Le - Count,klecount3p@google.de,Female,129.127.91.183
135,Nickolas,Burger,nburger3q@nih.gov,Male,83.90.158.170
136,Sashenka,Taberer,staberer3r@squarespace.com,Female,66.143.252.134
137,Jori,Garvan,jgarvan3s@nsw.gov.au,Female,211.63.234.165
138,Oren,Lince,olince3t@narod.ru,Male,173.213.6.59
139,Birk,Wychard,bwychard3u@infoseek.co.jp,Male,183.13.74.42
140,Herschel,Lauritzen,hlauritzen3v@soundcloud.com,Male,179.97.165.82
141,Vidovik,Hastin,vhastin3w@bloomberg.com,Male,188.38.182.185
142,Sheilakathryn,Morden,smorden3x@google.pl,Female,88.54.243.252
143,Normand,Whitmore,nwhitmore3y@wired.com,Male,223.214.243.8
144,Francene,Alcido,falcido3z@twitter.com,Female,149.144.102.144
145,Elisabetta,Idwal Evans,eidwalevans40@zdnet.com,Bigender,239.33.249.109
146,Denver,Romao,dromao41@sitemeter.com,Male,243.164.231.197
147,Leelah,Reddish,lreddish42@samsung.com,Female,162.13.225.81
148,Jessie,Waddam,jwaddam43@mail.ru,Male,136.5.205.205
149,Boycie,Birchner,bbirchner44@fotki.com,Male,60.214.88.171
150,Aguie,Rankmore,arankmore45@cnn.com,Male,131.153.206.207
151,Alonso,Klimpt,aklimpt46@goo.gl,Male,136.88.145.52
152,Jacenta,Eriksson,jeriksson47@newsvine.com,Female,72.213.130.239
153,Vinny,Awton,vawton48@statcounter.com,Female,109.11.127.139
154,Roosevelt,Ickeringill,rickeringill49@globo.com,Male,182.193.41.168
155,Grethel,Gibbin,ggibbin4a@rediff.com,Female,75.228.146.187
156,Domeniga,Orrill,dorrill4b@netscape.com,Female,124.25.218.163
157,Killy,Longhorne,klonghorne4c@e-recht24.de,Male,126.82.252.194
158,Arlena,Nicely,anicely4d@amazon.co.jp,Female,26.32.113.64
159,Tally,Beeton,tbeeton4e@marketwatch.com,Agender,9.235.247.148
160,Jeromy,Findlow,jfindlow4f@people.com.cn,Male,6.76.143.249
161,Patrizius,Heighton,pheighton4g@naver.com,Male,64.90.56.62
162,Gus,Dunphie,gdunphie4h@google.es,Male,31.206.244.143
163,Theobald,Sparhawk,tsparhawk4i@bluehost.com,Male,94.79.168.145
164,Anstice,Looks,alooks4j@sciencedirect.com,Female,181.141.68.201
165,Raine,Snaden,rsnaden4k@dropbox.com,Polygender,206.250.103.238
166,Beitris,Duester,bduester4l@paypal.com,Polygender,222.187.50.246
167,Kleon,Andrusyak,kandrusyak4m@wunderground.com,Male,3.255.23.90
168,Matteo,Janecek,mjanecek4n@narod.ru,Male,175.110.153.194
169,Berty,Archbould,barchbould4o@dailymail.co.uk,Male,50.244.218.207
170,Arman,Tamblyn,atamblyn4p@tmall.com,Male,127.170.146.145
171,Cristina,Dolle,cdolle4q@utexas.edu,Female,129.147.172.171
172,Gannon,Skaife,gskaife4r@blogger.com,Polygender,188.49.191.131
173,Fanechka,Draude,fdraude4s@indiatimes.com,Non-binary,75.234.172.168
174,Blisse,Barnwille,bbarnwille4t@livejournal.com,Female,252.89.112.75
175,Anne-marie,Jan,ajan4u@simplemachines.org,Female,183.158.144.1
176,Neysa,Landrean,nlandrean4v@dailymotion.com,Female,146.180.160.26
177,Erinn,Gye,egye4w@macromedia.com,Female,26.5.30.112
178,Barb,Malmar,bmalmar4x@vkontakte.ru,Female,5.231.102.162
179,Vallie,Leddie,vleddie4y@hibu.com,Female,50.144.94.58
180,Papagena,Cristofolini,pcristofolini4z@mtv.com,Female,245.163.83.159
181,Floris,Renton,frenton50@quantcast.com,Female,250.115.250.123
182,Staford,Thornton,sthornton51@psu.edu,Male,9.49.56.96
183,Salomi,Prott,sprott52@dailymotion.com,Female,206.86.57.43
184,Kimmy,Shanks,kshanks53@admin.ch,Female,98.10.202.131
185,Garik,Wymer,gwymer54@paypal.com,Agender,103.204.149.58
186,Remus,Eighteen,reighteen55@etsy.com,Male,169.171.13.61
187,Jodi,Pinhorn,jpinhorn56@reverbnation.com,Male,29.47.32.233
188,Mollie,Brazelton,mbrazelton57@opensource.org,Female,223.67.24.152
189,Davin,De Coursey,ddecoursey58@about.com,Male,160.56.221.65
190,Filberto,Dootson,fdootson59@canalblog.com,Male,217.13.134.39
191,Clyve,Brinsford,cbrinsford5a@furl.net,Male,185.19.199.194
192,Monti,Goburn,mgoburn5b@aboutads.info,Male,15.170.238.16
193,Leoine,Castagnier,lcastagnier5c@sciencedaily.com,Agender,173.42.57.83
194,Meredeth,Setterthwait,msetterthwait5d@icio.us,Male,214.209.68.100
195,Duff,Peeter,dpeeter5e@abc.net.au,Genderqueer,62.212.37.180
196,Junie,Thorold,jthorold5f@smugmug.com,Female,150.82.105.200
197,Reed,Batterham,rbatterham5g@linkedin.com,Male,40.231.253.169
198,Jesselyn,Ghiraldi,jghiraldi5h@yelp.com,Female,202.33.113.53
199,Gan,Gane,ggane5i@wordpress.com,Male,1.208.207.33
200,Modestia,Hasselby,mhasselby5j@nhs.uk,Female,41.90.237.94
201,Fayina,Awty,fawty5k@si.edu,Female,130.29.149.146
202,Connie,Krates,ckrates5l@so-net.ne.jp,Female,29.250.152.9
203,Shirlene,Paolozzi,spaolozzi5m@dropbox.com,Female,214.176.79.237
204,Elvyn,Kitchiner,ekitchiner5n@desdev.cn,Genderqueer,164.248.10.49
205,Brigid,Swadlen,bswadlen5o@phpbb.com,Female,108.201.151.215
206,Claribel,Bonallack,cbonallack5p@amazon.co.jp,Female,173.235.181.147
207,Tandi,Lakenton,tlakenton5q@upenn.edu,Bigender,42.71.78.127
208,Roana,Warrillow,rwarrillow5r@devhub.com,Female,39.6.207.3
209,Dyan,Hug,dhug5s@smh.com.au,Female,235.173.57.131
210,Mahmud,Ohms,mohms5t@domainmarket.com,Non-binary,30.109.107.87
211,Lona,Ingleton,lingleton5u@devhub.com,Female,114.42.159.62
212,Court,Hairyes,chairyes5v@unblog.fr,Male,42.87.160.85
213,Elfreda,Clissell,eclissell5w@cdbaby.com,Female,109.29.200.255
214,Bernardo,Tuff,btuff5x@washingtonpost.com,Male,239.39.190.214
215,Kirsti,Rennox,krennox5y@studiopress.com,Female,126.207.46.102
216,Zelig,Rugge,zrugge5z@opensource.org,Male,43.10.177.189
217,Reba,Doorly,rdoorly60@zimbio.com,Female,187.23.66.55
218,Axel,Meeke,ameeke61@irs.gov,Male,97.36.185.115
219,Lois,Tezure,ltezure62@msn.com,Female,182.104.22.43
220,Linc,Geelan,lgeelan63@over-blog.com,Male,164.213.150.50
221,Marguerite,Chesser,mchesser64@mozilla.com,Female,93.223.198.188
222,Bernhard,Will,bwill65@ucoz.ru,Male,60.58.122.55
223,Ellis,Nollet,enollet66@scribd.com,Male,216.162.23.198
224,Estella,Crowe,ecrowe67@google.com.hk,Female,185.24.244.24
225,Pauly,Plank,pplank68@wordpress.com,Male,43.66.48.214
226,Natty,Ferriere,nferriere69@smugmug.com,Female,110.217.146.82
227,Shana,Tyas,styas6a@cbslocal.com,Genderfluid,124.49.3.190
228,Christabella,Freckleton,cfreckleton6b@hostgator.com,Female,224.161.227.162
229,Deonne,Kerss,dkerss6c@sina.com.cn,Female,161.235.125.224
230,Amery,Haysman,ahaysman6d@woothemes.com,Male,44.161.53.233
231,Townie,Rickis,trickis6e@netlog.com,Male,32.152.66.56
232,Cherey,Bosley,cbosley6f@mediafire.com,Female,31.239.103.125
233,Ethelind,Balogun,ebalogun6g@zdnet.com,Female,105.248.13.154
234,Beckie,Curm,bcurm6h@timesonline.co.uk,Female,85.16.94.175
235,Aleksandr,Goodison,agoodison6i@ted.com,Male,215.157.80.222
236,Lanie,Relfe,lrelfe6j@mlb.com,Non-binary,36.35.238.95
237,Keslie,Hissie,khissie6k@vk.com,Female,7.34.148.177
238,Ashton,Bellingham,abellingham6l@dell.com,Male,152.214.26.248
239,Darb,Kimmons,dkimmons6m@myspace.com,Non-binary,163.161.25.136
240,Tarrance,Lazarus,tlazarus6n@fema.gov,Male,194.131.253.42
241,Nicol,Konertz,nkonertz6o@edublogs.org,Male,136.212.132.162
242,Hurlee,Gascoyen,hgascoyen6p@ebay.com,Male,187.89.144.104
243,Collen,Francino,cfrancino6q@google.com.hk,Female,226.112.255.75
244,Aleta,Yearn,ayearn6r@sitemeter.com,Female,83.45.8.49
245,Chrotoem,Bonde,cbonde6s@angelfire.com,Male,247.46.209.213
246,Glynis,Micklewicz,gmicklewicz6t@pbs.org,Female,234.143.153.105
247,Mayor,Oddey,moddey6u@google.co.uk,Male,84.119.183.100
248,Vachel,Gladhill,vgladhill6v@patch.com,Male,84.78.125.18
249,Garry,Clitherow,gclitherow6w@redcross.org,Male,169.83.118.176
250,Miriam,Zavittieri,mzavittieri6x@forbes.com,Female,139.62.224.94
251,Jacynth,Ozelton,jozelton6y@typepad.com,Female,20.133.183.25
252,Nicolai,Athow,nathow6z@reddit.com,Male,125.5.46.18
253,Kissie,Harefoot,kharefoot70@shinystat.com,Female,203.134.230.37
254,Vivianne,Casale,vcasale71@phoca.cz,Female,173.134.123.34
255,Maximo,Dermot,mdermot72@naver.com,Male,0.40.103.197
256,Jerrold,Philipsson,jphilipsson73@g.co,Male,195.115.215.94
257,Phillie,Von Welden,pvonwelden74@hostgator.com,Female,142.171.235.235
258,Meredeth,Fortescue,mfortescue75@census.gov,Male,22.143.212.185
259,Moira,Bull,mbull76@desdev.cn,Female,35.199.156.83
260,Gaven,Elves,gelves77@cafepress.com,Male,191.243.17.224
261,Joell,Devall,jdevall78@dropbox.com,Polygender,173.1.146.98
262,Seward,Brunt,sbrunt79@umn.edu,Male,149.166.43.109
263,Yance,Petersen,ypetersen7a@360.cn,Male,74.128.52.105
264,Laurette,Livingston,llivingston7b@parallels.com,Female,162.119.249.171
265,Tonie,O'Regan,toregan7c@tamu.edu,Female,149.156.107.234
266,Clare,Wittrington,cwittrington7d@hhs.gov,Male,200.21.36.166
267,Jilli,Olver,jolver7e@japanpost.jp,Female,211.33.231.115
268,Leoine,Tillard,ltillard7f@cbc.ca,Genderqueer,155.66.50.20
269,Elke,Syversen,esyversen7g@techcrunch.com,Female,88.42.120.92
270,Theo,Castledine,tcastledine7h@fema.gov,Female,160.88.105.153
271,Alica,Van Der Vlies,avandervlies7i@si.edu,Female,7.72.190.146
272,Jerald,Winterscale,jwinterscale7j@shop-pro.jp,Male,71.231.47.183
273,Tatum,Dundendale,tdundendale7k@joomla.org,Non-binary,48.117.2.172
274,Barty,Ternouth,bternouth7l@bing.com,Male,90.33.224.45
275,Dynah,Texton,dtexton7m@guardian.co.uk,Female,29.162.182.163
276,Jakob,Hacun,jhacun7n@github.com,Male,5.58.52.213
277,Hyacinthia,Flicker,hflicker7o@google.com,Female,78.34.55.161
278,Shem,Chance,schance7p@csmonitor.com,Male,220.129.195.198
279,Jacynth,Mabon,jmabon7q@npr.org,Female,160.154.135.212
280,Aurelea,Penwell,apenwell7r@nasa.gov,Female,198.154.156.163
281,Elisabetta,Ableson,eableson7s@admin.ch,Female,165.148.85.60
282,Tomas,Stuttman,tstuttman7t@eepurl.com,Male,234.250.75.202
283,Erie,Sailer,esailer7u@pen.io,Male,58.76.100.82
284,Ginnifer,Roper,groper7v@yandex.ru,Female,173.137.157.92
285,Ardisj,Prise,aprise7w@hibu.com,Female,160.170.213.97
286,Rosabel,Yanyshev,ryanyshev7x@bigcartel.com,Female,222.130.50.163
287,Baldwin,Perris,bperris7y@oracle.com,Male,91.18.32.236
288,Willey,Dyke,wdyke7z@soup.io,Male,235.0.194.233
289,Betteann,Getten,bgetten80@army.mil,Female,79.212.182.247
290,Bernard,Noddles,bnoddles81@tinyurl.com,Male,250.62.206.27
291,Rurik,Smitheram,rsmitheram82@bbc.co.uk,Male,233.72.251.87
292,Roland,Royste,rroyste83@digg.com,Male,62.191.43.46
293,Mabel,Wiersma,mwiersma84@businessweek.com,Female,120.77.228.102
294,Adair,Stirland,astirland85@walmart.com,Male,39.114.195.216
295,Genni,Benesevich,gbenesevich86@imdb.com,Female,187.19.119.56
296,Gay,Silson,gsilson87@salon.com,Female,218.194.247.113
297,Rosa,Elwill,relwill88@imageshack.us,Genderqueer,29.85.137.69
298,Dredi,Allonby,dallonby89@smh.com.au,Female,1.6.237.166
299,Abraham,Clouston,aclouston8a@va.gov,Male,199.103.127.203
300,Gearalt,Whyte,gwhyte8b@blogs.com,Male,162.73.80.163
301,Nicki,Luker,nluker8c@nsw.gov.au,Female,219.191.187.18
302,Pearl,Shuttlewood,pshuttlewood8d@comsenz.com,Female,229.172.207.164
303,Cecilius,Ellerbeck,cellerbeck8e@dailymotion.com,Male,247.185.14.239
304,Ruby,Mudie,rmudie8f@geocities.jp,Male,145.120.75.102
305,Neddy,Djekic,ndjekic8g@state.tx.us,Male,153.6.160.251
306,Darsie,Maggi,dmaggi8h@independent.co.uk,Female,109.146.67.147
307,Jessa,Redbourn,jredbourn8i@cnn.com,Female,185.136.130.29
308,Merrick,Hegge,mhegge8j@goodreads.com,Male,234.27.19.103
309,Elicia,Hailes,ehailes8k@harvard.edu,Female,117.182.48.172
310,Doralyn,Sleney,dsleney8l@amazon.de,Female,46.192.227.219
311,Averil,Undy,aundy8m@wikia.com,Male,149.15.194.145
312,Janaya,Piscotti,jpiscotti8n@mlb.com,Female,13.15.117.39
313,Cornie,Craigmyle,ccraigmyle8o@squarespace.com,Male,176.186.109.44
314,Zola,Di Maria,zdimaria8p@cdbaby.com,Female,222.99.226.181
315,Ursuline,Stanex,ustanex8q@bing.com,Female,88.250.146.69
316,Elliot,Wyeth,ewyeth8r@chron.com,Male,59.247.33.119
317,Courtney,Pinchback,cpinchback8s@yellowpages.com,Female,90.225.241.67
318,Mareah,Phayre,mphayre8t@imgur.com,Non-binary,228.116.120.99
319,Meggie,Drivers,mdrivers8u@google.com,Female,146.169.250.234
320,Silvan,Newlan,snewlan8v@adobe.com,Male,41.139.167.39
321,Delcine,Waller,dwaller8w@meetup.com,Female,158.110.148.83
322,Melvyn,Stanway,mstanway8x@dailymail.co.uk,Male,73.236.73.228
323,Shawna,Hucke,shucke8y@addthis.com,Female,47.17.171.16
324,Robert,Lasham,rlasham8z@ox.ac.uk,Male,251.16.195.31
325,Brendan,Gribbins,bgribbins90@baidu.com,Male,119.194.47.118
326,Thomas,Leveret,tleveret91@springer.com,Male,204.140.33.79
327,Evan,Fritz,efritz92@scribd.com,Male,204.222.8.77
328,Mychal,Seagrave,mseagrave93@mozilla.com,Male,35.72.217.57
329,Sibyl,Mallen,smallen94@reverbnation.com,Female,126.216.23.213
330,Emiline,Painswick,epainswick95@t-online.de,Female,108.115.240.146
331,Lorrin,Middle,lmiddle96@mashable.com,Female,70.247.93.145
332,Brant,McKenna,bmckenna97@people.com.cn,Male,71.168.145.21
333,Pierette,Ticksall,pticksall98@so-net.ne.jp,Female,133.83.5.117
334,Sisely,Beaconsall,sbeaconsall99@nytimes.com,Female,47.119.93.136
335,Bent,Railton,brailton9a@123-reg.co.uk,Male,97.176.244.79
336,Filbert,MacConneely,fmacconneely9b@bloomberg.com,Male,210.48.187.215
337,Devi,Brierton,dbrierton9c@digg.com,Female,162.133.107.216
338,Chet,Tonsley,ctonsley9d@github.com,Male,50.133.254.98
339,Virginia,Tiley,vtiley9e@addthis.com,Female,40.198.96.177
340,Justine,Griffitts,jgriffitts9f@macromedia.com,Female,216.140.246.190
341,Curt,Hounsom,chounsom9g@dot.gov,Male,120.90.151.46
342,Tammara,Kevern,tkevern9h@about.com,Female,100.102.19.26
343,Bartholemy,Eliyahu,beliyahu9i@ovh.net,Male,103.196.9.233
344,Sonny,Bugby,sbugby9j@icq.com,Male,64.175.48.240
345,Modestia,Scrymgeour,mscrymgeour9k@umn.edu,Female,208.169.247.30
346,Kevan,MacSherry,kmacsherry9l@engadget.com,Male,29.75.186.221
347,Walton,Lazer,wlazer9m@flavors.me,Male,24.117.10.137
348,Dasya,Lindman,dlindman9n@fastcompany.com,Female,102.142.61.108
349,Horatio,Jeram,hjeram9o@ibm.com,Male,23.254.20.212
350,Peggi,Haucke,phaucke9p@usda.gov,Female,66.42.72.17
351,Franky,Edgeler,fedgeler9q@adobe.com,Female,172.43.14.230
352,Fey,Overington,foverington9r@ucoz.ru,Female,234.37.152.185
353,Josepha,Tibbles,jtibbles9s@jalbum.net,Female,154.221.6.50
354,Myron,Terron,mterron9t@cbslocal.com,Male,105.201.110.154
355,Emilee,Burfitt,eburfitt9u@youtube.com,Female,113.178.248.105
356,Joni,Norbury,jnorbury9v@mapy.cz,Female,177.54.19.204
357,Carroll,McGebenay,cmcgebenay9w@dailymotion.com,Female,206.218.194.54
358,Ichabod,Headech,iheadech9x@economist.com,Polygender,0.161.248.138
359,Jerry,Taill,jtaill9y@istockphoto.com,Male,125.123.65.117
360,Freddi,Cattermoul,fcattermoul9z@sciencedirect.com,Female,188.181.115.22
361,Elenore,Spread,espreada0@hao123.com,Female,147.74.211.13
362,Rubetta,McAw,rmcawa1@discovery.com,Bigender,238.251.16.154
363,Maiga,Dalwood,mdalwooda2@jigsy.com,Genderfluid,206.4.68.37
364,Fredek,Iaduccelli,fiaduccellia3@senate.gov,Non-binary,145.133.232.71
365,Pippy,Mobbs,pmobbsa4@nytimes.com,Female,149.148.227.201
366,Jacquie,Westnedge,jwestnedgea5@cmu.edu,Female,172.212.42.216
367,Adelice,Tows,atowsa6@whitehouse.gov,Female,102.172.165.228
368,Rivkah,Phebey,rphebeya7@scientificamerican.com,Female,224.17.50.28
369,Bethena,O'Halloran,bohallorana8@flickr.com,Female,34.201.252.192
370,Hetty,Bensley,hbensleya9@360.cn,Female,214.24.60.145
371,Killie,Skipper,kskipperaa@bloglovin.com,Male,17.63.53.130
372,Ermin,Eymor,eeymorab@seattletimes.com,Agender,198.157.167.76
373,Hendrick,Bazelle,hbazelleac@gnu.org,Male,78.164.82.228
374,Tera,Calway,tcalwayad@liveinternet.ru,Female,171.206.181.217
375,Celestia,Preuvost,cpreuvostae@japanpost.jp,Female,146.109.163.251
376,Jorrie,Cruz,jcruzaf@squarespace.com,Female,108.235.94.66
377,Harrison,Pankettman,hpankettmanag@drupal.org,Male,144.186.169.79
378,Claudio,Friedank,cfriedankah@fotki.com,Male,61.150.233.217
379,Christoforo,Cowtherd,ccowtherdai@mysql.com,Male,222.202.197.140
380,Bellina,Gunthorpe,bgunthorpeaj@newyorker.com,Female,33.98.186.163
381,Elsbeth,Wrankmore,ewrankmoreak@sina.com.cn,Female,74.249.160.201
382,Gottfried,Minihane,gminihaneal@yale.edu,Male,89.131.7.134
383,Jenilee,Dreigher,jdreigheram@skyrock.com,Genderqueer,92.32.11.126
384,Dara,Lensch,dlenschan@instagram.com,Female,59.44.176.186
385,Evangelina,Casa,ecasaao@spiegel.de,Female,105.76.89.53
386,Judy,Valencia,jvalenciaap@ocn.ne.jp,Female,71.255.113.237
387,Casi,Lamanby,clamanbyaq@blogtalkradio.com,Female,63.196.42.207
388,Vincents,Devenport,vdevenportar@mlb.com,Male,147.139.94.114
389,Odette,Wahncke,owahnckeas@creativecommons.org,Female,174.105.135.143
390,Inglebert,Lockyer,ilockyerat@webs.com,Male,59.239.240.251
391,Lorens,Brisse,lbrisseau@mlb.com,Male,134.1.193.209
392,Kassia,Leades,kleadesav@opensource.org,Female,212.58.71.242
393,Aristotle,Brumble,abrumbleaw@kickstarter.com,Male,72.214.53.66
394,Nial,Simioli,nsimioliax@gravatar.com,Male,200.120.114.84
395,Thaxter,Flancinbaum,tflancinbaumay@nationalgeographic.com,Non-binary,48.52.98.80
396,Ebeneser,Pinkie,epinkieaz@adobe.com,Male,245.23.47.228
397,Deonne,Meneghelli,dmeneghellib0@free.fr,Female,211.70.176.174
398,Herman,Ellershaw,hellershawb1@time.com,Male,126.94.101.8
399,Tildy,Brooker,tbrookerb2@cornell.edu,Female,179.142.199.75
400,Smitty,Lakenden,slakendenb3@so-net.ne.jp,Male,138.155.38.142
401,Legra,Brame,lbrameb4@amazon.co.uk,Agender,233.83.150.170
402,Querida,Izat,qizatb5@chicagotribune.com,Female,215.6.190.166
403,Bengt,Peers,bpeersb6@bing.com,Male,72.174.235.40
404,Durante,Lattey,dlatteyb7@marriott.com,Male,52.51.135.13
405,Jacquelynn,Freiberg,jfreibergb8@blog.com,Female,95.6.233.146
406,Kerwin,Leall,kleallb9@google.co.uk,Male,160.91.242.34
407,Royall,Lowne,rlowneba@addtoany.com,Male,192.251.243.245
408,Shelden,Tettley,stettleybb@example.com,Male,162.153.47.190
409,Henrie,Bratten,hbrattenbc@yelp.com,Female,188.220.238.10
410,Alphonso,Desson,adessonbd@livejournal.com,Male,159.43.155.23
411,Deva,Queyos,dqueyosbe@chronoengine.com,Female,130.14.197.58
412,Donovan,Pyford,dpyfordbf@artisteer.com,Male,187.247.147.185
413,Emmey,Westerman,ewestermanbg@behance.net,Genderfluid,158.71.117.151
414,Sissy,Sheekey,ssheekeybh@example.com,Female,21.226.182.239
415,Germaine,Dorkin,gdorkinbi@ifeng.com,Male,228.164.32.222
416,Leyla,Camsey,lcamseybj@xinhuanet.com,Female,235.180.211.240
417,Thorin,Habbeshaw,thabbeshawbk@whitehouse.gov,Male,154.235.248.206
418,Manfred,Strickett,mstrickettbl@europa.eu,Bigender,20.179.244.186
419,Rowland,Careless,rcarelessbm@unesco.org,Male,78.172.76.103
420,Katine,Kinmond,kkinmondbn@123-reg.co.uk,Bigender,51.48.91.16
421,Leontyne,Kliche,lklichebo@netscape.com,Female,2.166.126.73
422,Danny,Milam,dmilambp@samsung.com,Male,186.85.143.44
423,Sauveur,Eisikowitz,seisikowitzbq@comcast.net,Male,49.16.160.183
424,Bailie,Duer,bduerbr@issuu.com,Male,225.222.240.239
425,Devinne,Sesons,dsesonsbs@deviantart.com,Female,95.95.8.233
426,Porty,Veillard,pveillardbt@ifeng.com,Male,48.110.132.151
427,Tasia,Mackleden,tmackledenbu@plala.or.jp,Female,166.197.206.3
428,Shannah,Jaquiss,sjaquissbv@drupal.org,Female,255.251.192.71
429,Denys,Vasyukhichev,dvasyukhichevbw@dmoz.org,Male,27.246.31.154
430,Ellwood,Mochan,emochanbx@digg.com,Male,93.50.170.137
431,Chrisse,Casone,ccasoneby@usda.gov,Male,29.73.229.80
432,Robin,Neame,rneamebz@cnbc.com,Male,26.213.135.246
433,Valerye,Trusty,vtrustyc0@blogspot.com,Female,47.35.92.173
434,Arne,Dyster,adysterc1@livejournal.com,Male,200.60.161.50
435,Ardenia,Runnalls,arunnallsc2@shinystat.com,Female,233.145.96.97
436,Branden,Ghelerdini,bghelerdinic3@nasa.gov,Male,122.199.125.53
437,Wilfred,Gillum,wgillumc4@google.de,Male,98.180.49.141
438,Ana,Perrott,aperrottc5@vistaprint.com,Female,157.181.220.36
439,Kiel,Acock,kacockc6@loc.gov,Male,108.225.243.154
440,Ruthie,Boddam,rboddamc7@alexa.com,Female,39.47.235.122
441,Dennie,Duffil,dduffilc8@eepurl.com,Male,34.162.23.146
442,Lelia,Gillio,lgillioc9@unc.edu,Female,188.196.228.184
443,Dill,Tattersill,dtattersillca@baidu.com,Male,104.114.248.107
444,Rodrique,Maylam,rmaylamcb@geocities.com,Male,130.100.114.11
445,Hashim,Schuchmacher,hschuchmachercc@hibu.com,Male,23.12.38.5
446,Rourke,Bason,rbasoncd@desdev.cn,Male,234.165.56.222
447,Alexei,Kenneway,akennewayce@cdc.gov,Male,9.204.200.123
448,Yvon,Reeday,yreedaycf@umich.edu,Male,94.68.65.85
449,Fara,Maycock,fmaycockcg@addthis.com,Female,231.57.126.42
450,Niki,MacCard,nmaccardch@ehow.com,Female,210.203.65.73
451,Maribeth,Betty,mbettyci@umich.edu,Female,167.42.52.150
452,Fidelio,Gresty,fgrestycj@aol.com,Non-binary,129.44.251.107
453,Ina,Hilldrup,ihilldrupck@netscape.com,Female,232.246.58.122
454,Willard,Frede,wfredecl@cbslocal.com,Male,209.29.246.139
455,Graehme,Dargan,gdargancm@google.it,Non-binary,49.76.96.208
456,Clary,Daen,cdaencn@hatena.ne.jp,Bigender,156.60.43.36
457,Rockwell,Simonite,rsimoniteco@fotki.com,Male,216.207.212.70
458,Deck,Imason,dimasoncp@theglobeandmail.com,Male,70.130.255.81
459,Ariana,Dorber,adorbercq@archive.org,Genderqueer,152.148.244.103
460,Hewett,Master,hmastercr@omniture.com,Male,103.2.216.0
461,Marty,O'Shavlan,moshavlancs@forbes.com,Female,219.209.180.160
462,Catherina,MacDuff,cmacduffct@vistaprint.com,Female,250.24.201.228
463,Eal,Holdworth,eholdworthcu@behance.net,Male,130.52.22.242
464,Reiko,Carrick,rcarrickcv@virginia.edu,Female,1.103.131.157
465,Courtnay,MacMaster,cmacmastercw@alexa.com,Male,218.230.208.93
466,Moyna,Knightsbridge,mknightsbridgecx@squarespace.com,Female,70.119.18.36
467,Chandler,Baldin,cbaldincy@soup.io,Male,51.88.4.83
468,Hoyt,Atwater,hatwatercz@amazon.co.jp,Male,197.14.29.214
469,Fanya,Enochsson,fenochssond0@ted.com,Female,231.132.78.80
470,Lenka,Jagoe,ljagoed1@forbes.com,Female,2.55.245.64
471,Mavra,Handmore,mhandmored2@posterous.com,Female,117.119.34.242
472,Lilli,Castel,lcasteld3@nasa.gov,Female,76.78.6.212
473,Drud,Cattanach,dcattanachd4@cyberchimps.com,Male,128.135.93.210
474,Carlee,Binford,cbinfordd5@acquirethisname.com,Female,92.195.225.8
475,Adriano,Gustus,agustusd6@drupal.org,Male,84.107.53.191
476,Danella,Vasilik,dvasilikd7@unc.edu,Female,114.63.160.71
477,Elene,McLagain,emclagaind8@yellowpages.com,Female,147.182.119.51
478,Brewster,Trengrouse,btrengroused9@answers.com,Male,165.175.67.109
479,Anita,Abotson,aabotsonda@blogs.com,Female,110.39.141.113
480,Murdoch,Gehrts,mgehrtsdb@fda.gov,Male,213.74.49.110
481,Cristy,Redgrave,credgravedc@clickbank.net,Polygender,154.238.48.9
482,Tyrus,Stothard,tstotharddd@uol.com.br,Male,20.251.236.79
483,Di,Dring,ddringde@ifeng.com,Female,240.114.152.195
484,Lombard,Housbie,lhousbiedf@rediff.com,Male,95.15.157.183
485,Cheryl,Blenkinsop,cblenkinsopdg@merriam-webster.com,Female,71.208.19.113
486,Gracia,Cromley,gcromleydh@posterous.com,Female,73.228.61.74
487,Pearle,Langley,plangleydi@ning.com,Female,218.242.1.181
488,Edouard,Ginie,eginiedj@friendfeed.com,Male,25.97.110.195
489,Patricia,Ferrini,pferrinidk@github.io,Female,102.178.215.251
490,Ibby,Gidney,igidneydl@bizjournals.com,Female,138.111.80.89
491,Krystal,Snelson,ksnelsondm@php.net,Female,83.50.182.45
492,Chrissy,Risely,criselydn@amazon.co.uk,Male,87.185.157.220
493,Muffin,McQuode,mmcquodedo@netvibes.com,Male,114.3.67.245
494,Leone,Pennycook,lpennycookdp@phpbb.com,Female,232.12.213.212
495,Kelila,Bedson,kbedsondq@guardian.co.uk,Female,12.19.135.32
496,Nerti,Dixcey,ndixceydr@instagram.com,Female,187.175.118.47
497,Lynda,Boatright,lboatrightds@virginia.edu,Female,220.26.211.86
498,Kessia,Temprell,ktemprelldt@wufoo.com,Female,73.212.39.15
499,Sibella,Riddel,sriddeldu@bloomberg.com,Female,243.151.213.62
500,Sheba,Gloyens,sgloyensdv@nps.gov,Female,114.196.126.56
501,Grace,Latchford,glatchforddw@wix.com,Male,109.212.140.118
502,Randene,McTurlough,rmcturloughdx@twitpic.com,Female,189.36.44.156
503,Casi,Byneth,cbynethdy@nymag.com,Female,47.152.234.182
504,Bax,Raft,braftdz@geocities.com,Male,82.204.83.122
505,Dosi,Chapple,dchapplee0@guardian.co.uk,Female,59.58.54.159
506,Ardella,Cheke,achekee1@usgs.gov,Female,25.90.56.90
507,Blayne,Phair,bphaire2@networkadvertising.org,Male,245.177.248.131
508,Adrianne,Ogley,aogleye3@ustream.tv,Female,31.2.146.244
509,Abbey,Judkin,ajudkine4@reddit.com,Male,44.93.184.137
510,Raynard,Wheatman,rwheatmane5@ed.gov,Male,252.198.127.212
511,Murry,Klambt,mklambte6@over-blog.com,Male,90.112.148.116
512,Sarine,Lesslie,slessliee7@icq.com,Female,189.220.227.159
513,Woodman,Lutas,wlutase8@multiply.com,Male,82.159.64.36
514,Waldo,Whife,wwhifee9@vk.com,Male,142.70.225.184
515,Abramo,Scranney,ascranneyea@behance.net,Male,42.121.189.60
516,Delmar,Filgate,dfilgateeb@mashable.com,Non-binary,116.149.252.42
517,Sarajane,Craig,scraigec@goo.gl,Female,251.91.61.57
518,Elston,Deare,edeareed@spiegel.de,Male,139.129.124.252
519,Trude,Bohlsen,tbohlsenee@flavors.me,Agender,178.232.168.127
520,Danica,Shillaber,dshillaberef@linkedin.com,Female,161.4.135.54
521,Timmy,Megany,tmeganyeg@huffingtonpost.com,Male,252.95.147.177
522,Fanny,Denniston,fdennistoneh@taobao.com,Female,78.181.158.164
523,Wilona,Dubock,wdubockei@netvibes.com,Female,79.143.104.66
524,Gav,Janssen,gjanssenej@home.pl,Male,17.137.179.165
525,Sunny,Dunridge,sdunridgeek@opensource.org,Male,1.27.18.54
526,Gregoor,Valeri,gvaleriel@admin.ch,Genderfluid,36.49.222.216
527,Marietta,Dwire,mdwireem@twitpic.com,Male,245.67.155.133
528,Beck,Hellicar,bhellicaren@imdb.com,Male,55.225.118.64
529,Rozanna,Abramin,rabramineo@zimbio.com,Female,224.201.255.213
530,Maritsa,Witcombe,mwitcombeep@army.mil,Female,136.221.2.181
531,Gertrud,Ulyet,gulyeteq@bizjournals.com,Female,105.115.89.19
532,Tan,Frail,tfrailer@thetimes.co.uk,Male,214.204.91.220
533,Amelie,Bellord,abellordes@cdbaby.com,Bigender,86.245.10.178
534,Spense,Nutkins,snutkinset@tmall.com,Male,184.239.131.83
535,Rosella,Moyes,rmoyeseu@nasa.gov,Female,247.1.245.72
536,Berne,Keijser,bkeijserev@alexa.com,Male,222.129.81.58
537,Albert,Crawshay,acrawshayew@eepurl.com,Male,149.22.83.173
538,Aldus,Mehmet,amehmetex@elpais.com,Male,98.156.193.120
539,Tandy,Pordall,tpordalley@newsvine.com,Female,223.81.166.13
540,Way,Maltster,wmaltsterez@marketwatch.com,Male,17.181.90.232
541,Schuyler,Iacovielli,siacoviellif0@ask.com,Male,113.115.81.178
542,Hew,Ravenscraft,hravenscraftf1@github.com,Male,23.246.80.224
543,Charlie,Goldsack,cgoldsackf2@quantcast.com,Male,6.207.177.42
544,Corby,Gillard,cgillardf3@zimbio.com,Male,98.239.2.26
545,Eb,Lukesch,elukeschf4@creativecommons.org,Male,207.245.198.177
546,Ricky,Rochelle,rrochellef5@nationalgeographic.com,Male,191.116.12.199
547,Jarred,Eicheler,jeichelerf6@hostgator.com,Male,127.62.74.140
548,Garreth,Cooksey,gcookseyf7@ocn.ne.jp,Male,57.230.134.245
549,Prue,Berriball,pberriballf8@mit.edu,Female,166.143.164.173
550,Isidore,Mumberson,imumbersonf9@google.com,Male,78.251.75.83
551,Louis,Duggen,lduggenfa@geocities.jp,Male,172.212.136.253
552,Wit,Haggith,whaggithfb@i2i.jp,Polygender,175.8.19.209
553,Malvin,Sleney,msleneyfc@ox.ac.uk,Male,189.22.90.178
554,Jordana,Jain,jjainfd@columbia.edu,Female,4.102.156.28
555,Gelya,Dodshun,gdodshunfe@istockphoto.com,Female,198.126.42.160
556,Perl,Fugere,pfugereff@canalblog.com,Female,8.161.169.18
557,Maureene,Porson,mporsonfg@whitehouse.gov,Female,188.42.201.13
558,Caldwell,Scipsey,cscipseyfh@accuweather.com,Male,248.155.95.233
559,Siffre,Snoddy,ssnoddyfi@feedburner.com,Male,127.146.70.87
560,Neile,Hakonsson,nhakonssonfj@artisteer.com,Female,223.16.242.172
561,Shara,Bunhill,sbunhillfk@sitemeter.com,Female,123.159.151.59
562,Damien,Scoffham,dscoffhamfl@surveymonkey.com,Male,129.144.104.31
563,Derry,Chalcot,dchalcotfm@spiegel.de,Male,73.194.76.242
564,Boris,Raynard,braynardfn@salon.com,Male,138.129.254.184
565,Hogan,Cluckie,hcluckiefo@merriam-webster.com,Male,67.59.112.34
566,Oswald,Patkin,opatkinfp@booking.com,Male,224.179.61.124
567,Cybil,Plaskett,cplaskettfq@qq.com,Genderfluid,183.132.209.121
568,Chrisse,Yare,cyarefr@pagesperso-orange.fr,Male,106.206.252.19
569,Armando,Chestnut,achestnutfs@springer.com,Agender,182.100.138.81
570,Garland,Olrenshaw,golrenshawft@mayoclinic.com,Female,143.6.204.212
571,Bradney,Askell,baskellfu@macromedia.com,Male,59.64.9.38
572,Yorke,Turneux,yturneuxfv@com.com,Male,243.167.152.178
573,Marlon,Middas,mmiddasfw@cbc.ca,Male,226.207.166.142
574,Marlowe,Droogan,mdrooganfx@sina.com.cn,Male,13.212.221.156
575,Deanna,Crank,dcrankfy@google.co.jp,Female,255.88.162.223
576,Allyson,Juliano,ajulianofz@google.co.uk,Female,116.171.198.82
577,Sheree,Parks,sparksg0@fastcompany.com,Female,1.6.142.155
578,Emory,Brimmicombe,ebrimmicombeg1@wix.com,Male,171.55.124.163
579,Heath,Packer,hpackerg2@cbsnews.com,Male,158.29.12.199
580,Deny,Jahns,djahnsg3@gravatar.com,Polygender,156.78.123.75
581,Jaime,Voules,jvoulesg4@accuweather.com,Male,218.26.144.0
582,Forrest,Frascone,ffrasconeg5@jalbum.net,Male,49.120.38.252
583,Jude,Hele,jheleg6@smugmug.com,Male,230.190.80.120
584,Marlowe,O'Keenan,mokeenang7@businesswire.com,Male,228.49.147.111
585,Sabina,Senchenko,ssenchenkog8@instagram.com,Genderqueer,69.81.13.48
586,Kerrie,Soppeth,ksoppethg9@tinypic.com,Polygender,156.205.248.77
587,Laurent,Chene,lchenega@nih.gov,Male,77.131.117.109
588,Walt,Tothe,wtothegb@illinois.edu,Male,189.228.40.247
589,Joane,Sinkins,jsinkinsgc@e-recht24.de,Female,224.41.162.197
590,Hallsy,Linne,hlinnegd@berkeley.edu,Polygender,85.150.199.117
591,Nona,Le-Good,nlegoodge@hao123.com,Female,86.191.245.148
592,Ealasaid,Germain,egermaingf@marriott.com,Female,193.199.183.246
593,Em,Wordesworth,ewordesworthgg@cmu.edu,Male,174.224.68.230
594,Markus,Haine,mhainegh@acquirethisname.com,Male,174.99.165.27
595,Andrea,Coraini,acorainigi@spotify.com,Female,255.64.233.38
596,Alvina,Nolan,anolangj@simplemachines.org,Female,20.151.217.192
597,Delainey,Nason,dnasongk@businessinsider.com,Male,147.165.221.188
598,Britta,Plumstead,bplumsteadgl@va.gov,Female,121.189.84.144
599,Wallis,Khilkov,wkhilkovgm@hubpages.com,Male,176.93.82.93
600,Prissie,Buckney,pbuckneygn@about.me,Female,128.83.89.17
601,Johnna,Arends,jarendsgo@t.co,Female,87.196.105.127
602,Dario,Quinevan,dquinevangp@time.com,Male,177.39.224.233
603,Carleton,Stoffel,cstoffelgq@reddit.com,Male,5.122.171.76
604,Florentia,Boldry,fboldrygr@google.com,Agender,223.16.164.55
605,Bailey,Shivell,bshivellgs@google.nl,Male,116.73.94.205
606,Farrell,Ciciari,fciciarigt@cdc.gov,Male,50.216.81.22
607,Will,Paler,wpalergu@artisteer.com,Male,187.23.67.125
608,Bealle,Brignell,bbrignellgv@g.co,Male,30.38.243.23
609,Fredric,Allso,fallsogw@unesco.org,Male,201.44.243.62
610,Florinda,Newby,fnewbygx@amazonaws.com,Female,0.69.148.119
611,Tracie,Gives,tgivesgy@printfriendly.com,Female,195.162.18.162
612,Benn,Nerger,bnergergz@telegraph.co.uk,Polygender,206.156.164.255
613,Seumas,Patchett,spatchetth0@shutterfly.com,Male,24.204.66.23
614,Nolly,Cockshoot,ncockshooth1@mysql.com,Male,128.106.0.93
615,Ward,Cottham,wcotthamh2@t-online.de,Male,179.75.148.242
616,Teddy,Castagneri,tcastagnerih3@chicagotribune.com,Male,252.85.1.184
617,Dietrich,Maskew,dmaskewh4@mozilla.com,Male,155.184.40.165
618,Rosaline,Cannavan,rcannavanh5@yellowpages.com,Female,146.115.229.203
619,Dahlia,Edgerly,dedgerlyh6@japanpost.jp,Non-binary,224.239.125.20
620,Gabey,Fallis,gfallish7@about.me,Female,85.141.161.196
621,Callean,Karlsson,ckarlssonh8@soundcloud.com,Male,70.129.70.152
622,Jacki,Flexman,jflexmanh9@shop-pro.jp,Genderqueer,43.94.49.151
623,Benoite,Spinozzi,bspinozziha@msu.edu,Female,152.141.118.68
624,Amble,O'Cannan,aocannanhb@google.it,Male,92.208.20.213
625,Llywellyn,McGavigan,lmcgaviganhc@house.gov,Male,37.206.29.236
626,Ainslee,Reichelt,areichelthd@admin.ch,Genderqueer,188.253.128.72
627,Alvera,Welford,awelfordhe@amazon.de,Female,39.228.147.135
628,Vasily,Alcoran,valcoranhf@themeforest.net,Male,167.103.10.110
629,Dana,Diche,ddichehg@parallels.com,Female,238.152.21.136
630,Darbie,Penburton,dpenburtonhh@chronoengine.com,Female,121.214.10.138
631,Ches,Vogelein,cvogeleinhi@buzzfeed.com,Male,222.143.210.247
632,Ula,Troth,utrothhj@state.tx.us,Female,115.48.63.180
633,Franciskus,Glashby,fglashbyhk@edublogs.org,Male,78.165.229.138
634,Bennett,Klewer,bklewerhl@google.it,Male,41.255.116.248
635,Tandie,Brown,tbrownhm@geocities.com,Female,228.80.66.90
636,Bank,Dulinty,bdulintyhn@surveymonkey.com,Male,176.210.54.236
637,Klaus,Cropp,kcroppho@163.com,Bigender,112.158.184.50
638,Eartha,Bibbie,ebibbiehp@t-online.de,Female,209.194.213.229
639,Orion,Debill,odebillhq@narod.ru,Non-binary,214.210.70.71
640,Ali,Bendare,abendarehr@friendfeed.com,Female,161.225.249.74
641,Kaine,Likely,klikelyhs@geocities.com,Genderqueer,78.214.193.184
642,Jania,Racine,jracineht@alibaba.com,Female,84.13.215.61
643,Caspar,Celiz,ccelizhu@indiegogo.com,Male,31.242.250.70
644,Manolo,Ortiger,mortigerhv@omniture.com,Male,186.201.95.19
645,Min,Eads,meadshw@weather.com,Female,30.155.242.210
646,Murry,Bowlands,mbowlandshx@tuttocitta.it,Male,182.162.109.67
647,Tine,Silcox,tsilcoxhy@github.com,Female,50.111.44.94
648,Mattheus,Rattenbury,mrattenburyhz@t.co,Male,73.62.194.207
649,Caryl,Evert,ceverti0@europa.eu,Male,47.133.224.11
650,Ian,Chaffer,ichafferi1@privacy.gov.au,Genderfluid,15.97.101.140
651,Nikos,Andresen,nandreseni2@simplemachines.org,Male,136.230.3.125
652,Thaine,Hambridge,thambridgei3@homestead.com,Male,154.242.119.27
653,Rodolfo,Tefft,rteffti4@shutterfly.com,Male,255.49.87.115
654,Jill,Formigli,jformiglii5@prweb.com,Female,16.221.25.174
655,Penn,Facchini,pfacchinii6@xinhuanet.com,Male,210.67.106.106
656,Avril,Bridal,abridali7@timesonline.co.uk,Female,189.86.98.118
657,Isahella,Brindle,ibrindlei8@businessweek.com,Non-binary,20.43.50.199
658,Leandra,Cunnah,lcunnahi9@soundcloud.com,Female,77.15.237.147
659,Reagan,Bread,rbreadia@forbes.com,Male,182.8.147.61
660,Dewie,Jiri,djiriib@wordpress.org,Male,183.59.142.198
661,Bink,O'Cullinane,bocullinaneic@netlog.com,Male,120.172.92.97
662,Hayyim,Flecknell,hflecknellid@goo.ne.jp,Male,199.24.74.72
663,Jemmy,Coughan,jcoughanie@so-net.ne.jp,Female,180.239.156.115
664,Ki,Quilleash,kquilleashif@yelp.com,Female,128.35.132.194
665,Lisetta,Haythorne,lhaythorneig@tiny.cc,Female,44.48.233.253
666,Willow,Trahear,wtrahearih@cargocollective.com,Female,243.52.80.47
667,Linzy,McVeigh,lmcveighii@uol.com.br,Female,50.148.61.15
668,Maryl,Swetland,mswetlandij@fc2.com,Bigender,209.92.223.182
669,Anton,Pask,apaskik@wufoo.com,Male,44.167.209.206
670,Winnie,Southers,wsouthersil@rediff.com,Female,129.39.197.81
671,Cicely,Charette,ccharetteim@goo.gl,Female,116.152.250.163
672,Dinah,Rosenstein,drosensteinin@dot.gov,Female,76.197.169.110
673,Alexia,Jilkes,ajilkesio@google.it,Female,188.206.177.10
674,Burgess,Girauld,bgirauldip@bbc.co.uk,Male,230.66.117.86
675,Christian,Feldheim,cfeldheimiq@home.pl,Male,24.123.70.131
676,Toby,Giovanardi,tgiovanardiir@cnn.com,Female,106.142.122.174
677,Belle,Frandsen,bfrandsenis@hao123.com,Female,59.177.3.141
678,Brianne,Brown,bbrownit@friendfeed.com,Female,202.255.53.3
679,Aundrea,Kensley,akensleyiu@e-recht24.de,Female,22.26.88.26
680,Monica,Caccavale,mcaccavaleiv@over-blog.com,Non-binary,170.15.219.205
681,Gizela,Ghelardi,gghelardiiw@amazon.de,Female,151.74.25.223
682,Simon,Noraway,snorawayix@sina.com.cn,Male,231.107.182.121
683,Alfons,Antat,aantatiy@google.co.uk,Genderfluid,25.159.28.94
684,Oswald,Endicott,oendicottiz@slate.com,Male,197.202.65.204
685,Hallsy,Fawlkes,hfawlkesj0@nbcnews.com,Male,245.66.30.215
686,Warner,Hadye,whadyej1@loc.gov,Male,176.104.16.34
687,Dulci,Morey,dmoreyj2@google.com.au,Female,131.238.14.77
688,Lenci,Jorat,ljoratj3@slate.com,Polygender,255.87.241.179
689,Agneta,Atto,aattoj4@booking.com,Female,103.229.17.18
690,Raoul,Worvell,rworvellj5@hubpages.com,Polygender,197.179.48.110
691,Martino,Adamolli,madamollij6@storify.com,Male,189.237.90.115
692,Linell,Harme,lharmej7@wisc.edu,Female,253.251.238.24
693,Hubey,Philipet,hphilipetj8@psu.edu,Male,109.33.34.122
694,Rurik,Krojn,rkrojnj9@washington.edu,Male,45.67.67.218
695,Susy,Logsdale,slogsdaleja@hc360.com,Female,177.64.120.153
696,Lurette,Paterson,lpatersonjb@google.cn,Female,156.131.30.250
697,Wilie,Keaveney,wkeaveneyjc@psu.edu,Female,37.238.13.182
698,Koenraad,Wipper,kwipperjd@arstechnica.com,Male,46.121.218.166
699,Elsbeth,Giamo,egiamoje@mozilla.com,Female,227.228.86.111
700,Ebeneser,Cardon,ecardonjf@dmoz.org,Male,92.79.188.110
701,Luisa,Stebbings,lstebbingsjg@sohu.com,Female,182.173.27.244
702,Ezequiel,Calterone,ecalteronejh@storify.com,Male,37.111.217.41
703,Ichabod,Chettoe,ichettoeji@themeforest.net,Male,163.205.115.138
704,Marillin,Jaouen,mjaouenjj@slashdot.org,Female,171.183.45.83
705,Cord,Dongate,cdongatejk@instagram.com,Male,233.124.133.119
706,Gretel,Pembry,gpembryjl@multiply.com,Female,90.140.183.217
707,Tomasina,Hailwood,thailwoodjm@psu.edu,Female,233.158.32.31
708,Linnea,Kinforth,lkinforthjn@alibaba.com,Female,214.152.217.209
709,Staffard,Ganders,sgandersjo@123-reg.co.uk,Male,145.87.99.19
710,Kristos,Shyram,kshyramjp@shutterfly.com,Male,87.103.202.20
711,Jamal,Ort,jortjq@wikia.com,Male,116.174.189.56
712,Cairistiona,McIlwrath,cmcilwrathjr@booking.com,Female,35.174.110.91
713,Barbara,Campos,bcamposjs@ameblo.jp,Female,41.86.48.21
714,Lonna,Vasyatkin,lvasyatkinjt@wix.com,Female,82.234.181.100
715,Nonie,Spearman,nspearmanju@salon.com,Female,112.73.185.187
716,Lee,Vallerine,lvallerinejv@zdnet.com,Female,17.102.201.220
717,Allix,Burkman,aburkmanjw@ustream.tv,Female,17.115.110.177
718,Willard,MacPhee,wmacpheejx@discuz.net,Male,206.235.233.254
719,Gerhard,Burchill,gburchilljy@ox.ac.uk,Male,116.4.91.84
720,Rebecca,Gillaspy,rgillaspyjz@usda.gov,Female,157.239.176.75
721,Katlin,Pleasance,kpleasancek0@yolasite.com,Genderfluid,171.10.116.81
722,Kamillah,Careswell,kcareswellk1@elpais.com,Female,8.225.216.227
723,Eugenie,Simmen,esimmenk2@rediff.com,Female,88.20.66.224
724,Francoise,Buglass,fbuglassk3@wufoo.com,Non-binary,76.182.162.219
725,Kerk,Vollam,kvollamk4@altervista.org,Male,33.137.86.85
726,Brennan,Keddle,bkeddlek5@creativecommons.org,Male,90.24.146.57
727,Sherill,Seago,sseagok6@economist.com,Female,78.143.188.199
728,Carla,Jager,cjagerk7@kickstarter.com,Female,110.198.98.171
729,Rosina,Scutts,rscuttsk8@flavors.me,Female,166.191.4.208
730,Micheil,Petchey,mpetcheyk9@blogspot.com,Male,6.93.89.4
731,Paloma,Rennebeck,prennebeckka@rediff.com,Female,22.230.81.85
732,Dottie,Dragoe,ddragoekb@qq.com,Female,93.174.87.60
733,Cyrill,Cantero,ccanterokc@techcrunch.com,Male,172.188.171.73
734,Tobiah,Lancett,tlancettkd@craigslist.org,Male,179.182.132.68
735,Kevina,Corstan,kcorstanke@skyrock.com,Female,145.253.213.2
736,Hasheem,Longthorn,hlongthornkf@free.fr,Male,91.7.178.185
737,Cammy,Saffle,csafflekg@squarespace.com,Female,16.3.224.166
738,Mallissa,Rhodus,mrhoduskh@stanford.edu,Female,172.101.118.1
739,Nikolaos,Bigmore,nbigmoreki@stanford.edu,Male,102.142.60.70
740,Jere,Loch,jlochkj@smh.com.au,Female,203.225.192.144
741,Anjanette,Hazeldean,ahazeldeankk@is.gd,Female,81.35.252.207
742,Genovera,Eardley,geardleykl@plala.or.jp,Female,213.209.112.64
743,Bronnie,Meneghelli,bmeneghellikm@plala.or.jp,Male,84.103.85.18
744,Jakie,Withrington,jwithringtonkn@facebook.com,Male,0.220.153.80
745,Stormi,Shimwall,sshimwallko@biglobe.ne.jp,Female,233.191.74.87
746,Carlita,Cane,ccanekp@moonfruit.com,Female,254.14.132.211
747,Norris,Stearley,nstearleykq@artisteer.com,Male,203.45.60.102
748,Nial,Oyley,noyleykr@mashable.com,Male,253.190.15.181
749,Dorena,Arnholtz,darnholtzks@zdnet.com,Female,239.251.54.162
750,Winston,Merrilees,wmerrileeskt@globo.com,Male,212.40.40.196
751,Farlay,Sedge,fsedgeku@bbc.co.uk,Male,15.54.78.80
752,Persis,Quemby,pquembykv@google.com.au,Genderfluid,82.172.93.127
753,Guthrie,Poure,gpourekw@nytimes.com,Male,41.202.219.224
754,Silvia,Glassopp,sglassoppkx@flickr.com,Female,153.70.184.72
755,Hamlen,Findlow,hfindlowky@youku.com,Male,204.68.179.159
756,Micaela,Postians,mpostianskz@abc.net.au,Female,142.34.222.153
757,Ashly,Dewi,adewil0@mapquest.com,Female,102.102.18.216
758,Arty,Rentenbeck,arentenbeckl1@bbb.org,Male,155.84.149.181
759,Waverly,Braidon,wbraidonl2@over-blog.com,Male,222.240.17.6
760,Millard,Cutajar,mcutajarl3@scribd.com,Male,238.147.79.93
761,Datha,Foro,dforol4@theguardian.com,Non-binary,236.254.170.172
762,Rosmunda,Beecroft,rbeecroftl5@home.pl,Female,164.245.86.236
763,Aldon,Bett,abettl6@state.tx.us,Male,114.215.127.106
764,Kayla,Kells,kkellsl7@nasa.gov,Female,82.247.242.80
765,Cloris,Haw,chawl8@csmonitor.com,Female,217.190.168.19
766,Peggy,Renzo,prenzol9@sitemeter.com,Female,241.110.191.205
767,Quentin,Pavlasek,qpavlasekla@is.gd,Male,125.132.35.72
768,Maurits,Whitwham,mwhitwhamlb@instagram.com,Male,24.123.117.6
769,Any,Allom,aallomlc@jiathis.com,Male,95.19.59.152
770,Elmore,Lovekin,elovekinld@blinklist.com,Non-binary,44.141.39.117
771,Rici,Hiscocks,rhiscocksle@mit.edu,Polygender,223.114.240.76
772,Merissa,Orta,mortalf@fema.gov,Female,68.74.93.168
773,Edsel,Addekin,eaddekinlg@ning.com,Male,63.212.31.79
774,Corrie,Domico,cdomicolh@live.com,Female,226.220.146.42
775,Serena,Lamlin,slamlinli@cnn.com,Female,25.162.12.85
776,Shanie,McEntee,smcenteelj@list-manage.com,Female,137.32.159.46
777,Adda,Forestall,aforestalllk@technorati.com,Female,120.121.249.71
778,Sapphire,Tireman,stiremanll@paypal.com,Female,110.99.205.136
779,Gelya,Hardbattle,ghardbattlelm@i2i.jp,Female,170.205.210.206
780,Marni,Breffitt,mbreffittln@cnn.com,Female,1.174.208.228
781,Sharai,Mully,smullylo@altervista.org,Female,148.48.248.46
782,Zebulon,Sayward,zsaywardlp@instagram.com,Male,168.215.177.96
783,Karina,Mountfort,kmountfortlq@youku.com,Female,5.44.113.248
784,Porter,Kilgallon,pkilgallonlr@indiegogo.com,Male,57.87.132.33
785,Chrisse,Brockherst,cbrockherstls@ucoz.com,Male,250.77.207.247
786,Margette,Gasker,mgaskerlt@liveinternet.ru,Female,94.196.169.215
787,Olive,Rutt,oruttlu@google.pl,Female,5.196.92.242
788,Georgianna,Antonelli,gantonellilv@theguardian.com,Female,238.1.38.20
789,Bailey,Sywell,bsywelllw@usnews.com,Male,206.179.147.205
790,Vida,Irnys,virnyslx@ezinearticles.com,Female,115.53.226.45
791,Rutter,Dosdale,rdosdalely@adobe.com,Male,217.157.211.175
792,Dulce,Simper,dsimperlz@skyrock.com,Female,30.4.230.78
793,Eddie,Pentelow,epentelowm0@ibm.com,Female,81.109.226.35
794,Shayne,Havercroft,shavercroftm1@addtoany.com,Female,9.138.30.59
795,Boyd,Ordidge,bordidgem2@goo.gl,Male,154.22.34.154
796,Ebonee,Trillo,etrillom3@ted.com,Female,71.235.143.99
797,Jerad,Shoreman,jshoremanm4@npr.org,Male,240.126.123.122
798,Casey,Fairlie,cfairliem5@msn.com,Male,186.153.49.198
799,Holly-anne,Brazelton,hbrazeltonm6@altervista.org,Female,33.70.177.95
800,Teresita,Eastridge,teastridgem7@scientificamerican.com,Female,213.156.103.221
801,Hollis,Edgin,hedginm8@nymag.com,Male,52.251.230.32
802,Arleyne,Mougeot,amougeotm9@weebly.com,Female,114.100.32.89
803,Cristen,Castelot,ccastelotma@t-online.de,Female,77.69.51.199
804,Elias,Kauschke,ekauschkemb@hatena.ne.jp,Male,46.126.84.52
805,Lara,Murkus,lmurkusmc@pagesperso-orange.fr,Female,182.39.134.132
806,Leoine,Wheadon,lwheadonmd@umn.edu,Female,19.227.3.165
807,Tawnya,McBlain,tmcblainme@t.co,Female,37.240.55.0
808,Shannan,Halpine,shalpinemf@opera.com,Male,215.83.95.100
809,Herman,Dutson,hdutsonmg@networksolutions.com,Male,46.99.190.221
810,Malorie,Sprackling,mspracklingmh@squarespace.com,Female,197.243.220.19
811,Monah,Carlisi,mcarlisimi@zdnet.com,Female,214.37.56.46
812,Hedwiga,Ibanez,hibanezmj@hostgator.com,Female,91.44.55.226
813,Abraham,Iacomini,aiacominimk@google.ru,Male,158.215.49.125
814,Adella,Probat,aprobatml@sun.com,Female,65.243.107.122
815,Matthaeus,Moberley,mmoberleymm@addthis.com,Male,147.93.225.122
816,Terry,MacTrusty,tmactrustymn@list-manage.com,Male,89.181.69.62
817,Hunt,Dik,hdikmo@nytimes.com,Male,193.241.28.251
818,Wenda,Johnston,wjohnstonmp@buzzfeed.com,Female,114.85.67.143
819,Hart,Schaumaker,hschaumakermq@issuu.com,Male,218.161.93.153
820,Cross,Boecke,cboeckemr@163.com,Male,98.167.189.69
821,Abel,Alexsandrowicz,aalexsandrowiczms@google.co.uk,Male,142.217.22.185
822,Pansie,Hamberstone,phamberstonemt@github.com,Female,11.84.180.62
823,Hieronymus,Samter,hsamtermu@arizona.edu,Male,134.82.195.82
824,Bobbe,Elven,belvenmv@ustream.tv,Female,254.231.212.101
825,Lemmie,Giacobbo,lgiacobbomw@google.it,Male,137.94.15.154
826,Gustaf,Le Port,gleportmx@webs.com,Male,56.31.244.105
827,Obie,Soppett,osoppettmy@patch.com,Male,173.113.237.225
828,Kendal,Probyn,kprobynmz@wikimedia.org,Male,34.95.214.246
829,Farleigh,Bramich,fbramichn0@symantec.com,Male,106.231.67.154
830,Alexia,Galvan,agalvann1@youku.com,Female,12.132.192.44
831,Henrie,Grimwood,hgrimwoodn2@cocolog-nifty.com,Female,36.114.182.27
832,Peadar,Stout,pstoutn3@tuttocitta.it,Male,108.72.172.113
833,Quent,Spacy,qspacyn4@yolasite.com,Male,173.231.241.101
834,Marja,Harcus,mharcusn5@examiner.com,Female,159.18.29.108
835,Micky,Follin,mfollinn6@alibaba.com,Male,121.243.53.6
836,Cristina,Trenholme,ctrenholmen7@examiner.com,Female,83.225.174.1
837,Archer,Turland,aturlandn8@livejournal.com,Male,113.72.255.99
838,Ashlen,Milesop,amilesopn9@bluehost.com,Female,243.202.183.56
839,Ailis,Casperri,acasperrina@twitpic.com,Female,27.231.8.141
840,Corine,Ivashkov,civashkovnb@usnews.com,Genderfluid,42.133.134.218
841,Gino,Foffano,gfoffanonc@diigo.com,Male,78.80.234.222
842,Fritz,Vannuccinii,fvannucciniind@gnu.org,Male,12.98.87.252
843,Sylvan,Shouler,sshoulerne@huffingtonpost.com,Male,192.242.16.52
844,Luther,Ings,lingsnf@comcast.net,Male,83.27.141.124
845,Carleen,Ayer,cayerng@shop-pro.jp,Female,86.32.239.90
846,Audry,Chiene,achienenh@narod.ru,Female,35.173.209.54
847,Sheila-kathryn,Featherbie,sfeatherbieni@nsw.gov.au,Female,198.246.149.182
848,Roxine,Dumbelton,rdumbeltonnj@wikispaces.com,Female,44.187.49.163
849,Web,Enever,wenevernk@un.org,Male,39.16.234.218
850,Carling,Rowatt,crowattnl@ebay.com,Male,204.60.255.204
851,Loella,Prue,lpruenm@admin.ch,Female,66.34.51.36
852,Anett,Brogan,abrogannn@slate.com,Female,22.5.156.175
853,Connie,Renwick,crenwickno@dell.com,Male,210.153.142.122
854,Alon,Iglesias,aiglesiasnp@usda.gov,Genderqueer,166.177.60.8
855,Klemens,Master,kmasternq@twitter.com,Male,224.104.224.98
856,Reggie,O'Dooghaine,rodooghainenr@devhub.com,Female,42.165.202.105
857,Janeczka,Olivo,jolivons@wsj.com,Female,50.171.168.226
858,Giovanna,Gookey,ggookeynt@i2i.jp,Female,108.96.88.181
859,Petronia,Wybrow,pwybrownu@ebay.com,Non-binary,153.41.254.132
860,Jannelle,Andrick,jandricknv@barnesandnoble.com,Female,168.130.24.162
861,Carolynn,Manson,cmansonnw@issuu.com,Female,239.44.107.23
862,Genna,Pettegree,gpettegreenx@nih.gov,Female,137.243.231.114
863,Edeline,Rowett,erowettny@businessinsider.com,Female,43.63.25.74
864,Amandi,Howsden,ahowsdennz@pinterest.com,Female,16.15.132.225
865,Essa,Fennell,efennello0@buzzfeed.com,Female,9.81.85.95
866,Maureen,Jilkes,mjilkeso1@mashable.com,Female,7.170.71.108
867,Kimbell,Paulsson,kpaulssono2@paginegialle.it,Male,11.55.89.4
868,Aristotle,Alabone,aalaboneo3@nationalgeographic.com,Male,83.199.68.246
869,Thorn,Kurtis,tkurtiso4@chronoengine.com,Agender,112.38.78.141
870,Alicia,Schurig,aschurigo5@buzzfeed.com,Female,205.198.46.51
871,Trescha,Lismore,tlismoreo6@fastcompany.com,Female,20.253.88.235
872,Wilfrid,Finnemore,wfinnemoreo7@wiley.com,Male,198.198.10.63
873,Stephan,Sparshutt,ssparshutto8@paginegialle.it,Polygender,239.126.98.37
874,Melina,Gunston,mgunstono9@cloudflare.com,Female,55.155.108.27
875,Deb,Bolwell,dbolwelloa@miitbeian.gov.cn,Female,241.100.89.73
876,Albie,McCurlye,amccurlyeob@homestead.com,Male,114.238.240.32
877,Amalie,Losano,alosanooc@ovh.net,Female,184.219.34.50
878,Tillie,Colbourne,tcolbourneod@nymag.com,Agender,82.114.176.166
879,Gannon,Whitley,gwhitleyoe@unesco.org,Male,150.226.12.37
880,Wilbert,Crates,wcratesof@cocolog-nifty.com,Male,209.33.137.40
881,Reagen,Swinyard,rswinyardog@devhub.com,Genderfluid,89.111.89.79
882,Donica,Dunniom,ddunniomoh@webeden.co.uk,Female,100.94.58.76
883,Kelby,Hannabus,khannabusoi@vinaora.com,Male,191.146.123.202
884,Gratiana,Gleader,ggleaderoj@java.com,Agender,23.40.111.74
885,Genni,Brinicombe,gbrinicombeok@usatoday.com,Female,172.159.206.29
886,Merrielle,Leyre,mleyreol@wikimedia.org,Female,218.234.28.32
887,Jeniece,Caen,jcaenom@sbwire.com,Female,37.214.65.213
888,Goldy,Burdass,gburdasson@nsw.gov.au,Female,2.1.37.2
889,Ezra,Treske,etreskeoo@sakura.ne.jp,Male,21.195.190.147
890,Manolo,Pope,mpopeop@scientificamerican.com,Male,173.247.1.132
891,Allys,Lennarde,alennardeoq@tinypic.com,Female,58.220.135.116
892,Adam,Scotchbrook,ascotchbrookor@sogou.com,Male,44.88.241.154
893,Giffie,Dundon,gdundonos@google.com.hk,Male,14.121.131.62
894,Lucho,Bengle,lbengleot@eventbrite.com,Male,241.26.110.59
895,Garald,Gertray,ggertrayou@wordpress.org,Male,76.153.41.5
896,Codie,Davis,cdavisov@whitehouse.gov,Genderqueer,86.121.53.53
897,Clark,Triggel,ctriggelow@bandcamp.com,Male,171.184.236.68
898,Bernadina,Walsh,bwalshox@mediafire.com,Female,87.21.246.227
899,Erek,Traynor,etraynoroy@phoca.cz,Male,96.173.34.177
900,Ofella,Lathbury,olathburyoz@earthlink.net,Female,40.33.25.227
901,Elaine,Malham,emalhamp0@foxnews.com,Genderqueer,15.86.242.126
902,Kelcey,Norton,knortonp1@elegantthemes.com,Female,18.127.122.85
903,Forbes,Adkins,fadkinsp2@goo.gl,Agender,82.83.211.35
904,Lamont,Pranger,lprangerp3@tamu.edu,Male,215.152.184.183
905,Wayland,Franzel,wfranzelp4@buzzfeed.com,Male,68.209.2.157
906,Johan,Norree,jnorreep5@biglobe.ne.jp,Male,190.78.61.207
907,Dew,Beaver,dbeaverp6@wix.com,Male,65.4.237.245
908,Tawsha,Hortop,thortopp7@columbia.edu,Female,191.65.198.99
909,Tildi,Collinette,tcollinettep8@ehow.com,Female,97.194.19.245
910,Teodoro,Haccleton,thaccletonp9@cpanel.net,Male,240.79.135.194
911,Stavros,Kilshall,skilshallpa@indiatimes.com,Male,209.247.56.173
912,Cristionna,Chapell,cchapellpb@twitter.com,Female,2.77.41.132
913,Conroy,Joseland,cjoselandpc@webs.com,Male,237.248.168.240
914,Kimmie,Pitcock,kpitcockpd@pbs.org,Female,201.168.27.143
915,Ignazio,Lording,ilordingpe@cbc.ca,Male,106.239.156.14
916,Mikael,Rannie,mranniepf@businesswire.com,Male,96.35.39.50
917,Benedict,Oxnam,boxnampg@youtu.be,Genderfluid,153.61.22.69
918,Roda,Caudelier,rcaudelierph@lulu.com,Female,119.125.13.106
919,Chaddie,Crossfeld,ccrossfeldpi@zdnet.com,Polygender,93.108.125.133
920,Skell,Cumbes,scumbespj@japanpost.jp,Male,101.36.8.182
921,Faulkner,Shovell,fshovellpk@berkeley.edu,Male,224.114.212.184
922,Barney,Crossman,bcrossmanpl@tripod.com,Male,108.142.146.178
923,Pincus,Conew,pconewpm@paypal.com,Male,206.185.180.253
924,Robbie,Layhe,rlayhepn@ucla.edu,Female,72.19.187.205
925,Elfrieda,Hawkin,ehawkinpo@technorati.com,Female,76.124.251.6
926,Yvor,Mongin,ymonginpp@washingtonpost.com,Male,189.158.194.66
927,Caye,Comfort,ccomfortpq@list-manage.com,Female,51.47.48.88
928,Robin,Starton,rstartonpr@angelfire.com,Female,8.27.230.220
929,Giacopo,Strasse,gstrasseps@blog.com,Male,18.25.227.36
930,Finlay,Mariner,fmarinerpt@meetup.com,Male,137.200.160.201
931,Arabele,Lippiatt,alippiattpu@reddit.com,Female,10.145.160.32
932,Vladimir,Klousner,vklousnerpv@issuu.com,Non-binary,155.60.71.253
933,Wyndham,Kenelin,wkenelinpw@google.es,Male,30.64.228.23
934,Myles,Ledbetter,mledbetterpx@discuz.net,Male,7.100.170.19
935,Thomasine,Selburn,tselburnpy@patch.com,Female,224.54.76.185
936,Waylan,Gouldstraw,wgouldstrawpz@51.la,Male,98.49.216.144
937,Faulkner,Philipp,fphilippq0@globo.com,Male,127.120.130.60
938,Yuma,Masdin,ymasdinq1@artisteer.com,Male,36.74.56.237
939,Aeriel,MacGaughy,amacgaughyq2@google.ca,Female,221.106.228.177
940,Kit,Doidge,kdoidgeq3@xing.com,Male,29.192.124.201
941,Osbourn,Esley,oesleyq4@forbes.com,Male,43.121.254.81
942,Tome,Guiducci,tguiducciq5@foxnews.com,Male,131.231.225.155
943,Jeremie,Sowten,jsowtenq6@trellian.com,Male,57.160.21.28
944,Nora,Woodison,nwoodisonq7@skype.com,Female,186.195.201.204
945,Drew,Tuminelli,dtuminelliq8@yandex.ru,Male,209.89.226.139
946,Guss,Bowlands,gbowlandsq9@google.com.hk,Male,89.239.202.14
947,Percival,Rawstron,prawstronqa@google.cn,Male,90.104.5.93
948,Jeniece,Huggins,jhugginsqb@illinois.edu,Female,215.101.48.182
949,Letti,Norquoy,lnorquoyqc@biglobe.ne.jp,Female,37.99.38.35
950,Cassey,Guillerman,cguillermanqd@bbc.co.uk,Female,97.167.84.253
951,Abbe,Hallitt,ahallittqe@mail.ru,Male,83.216.220.26
952,Leandra,Donaway,ldonawayqf@4shared.com,Female,65.63.4.94
953,Mycah,Osselton,mosseltonqg@cdc.gov,Male,29.27.144.29
954,Delmore,Orro,dorroqh@multiply.com,Male,249.42.91.213
955,Pippo,Barmby,pbarmbyqi@house.gov,Male,62.70.69.93
956,Jordana,Witcherley,jwitcherleyqj@is.gd,Female,93.26.103.242
957,Fara,Ronan,fronanqk@edublogs.org,Female,168.82.184.93
958,Herrick,Truman,htrumanql@friendfeed.com,Male,57.93.169.123
959,Ettore,Meininking,emeininkingqm@dedecms.com,Male,187.194.169.60
960,Joby,Baggallay,jbaggallayqn@jiathis.com,Female,123.127.222.49
961,Eziechiele,Barlow,ebarlowqo@shareasale.com,Male,202.16.236.169
962,Noellyn,McClancy,nmcclancyqp@sina.com.cn,Agender,43.133.6.36
963,Gilberta,Beet,gbeetqq@blogger.com,Female,221.55.96.68
964,Ignace,Ilyin,iilyinqr@ovh.net,Male,46.73.68.16
965,Jeannine,Sheavills,jsheavillsqs@netlog.com,Female,20.24.216.33
966,Yank,Weiser,yweiserqt@cmu.edu,Male,110.160.150.198
967,Coral,Tinan,ctinanqu@newsvine.com,Female,42.1.58.34
968,Darcy,Mattingson,dmattingsonqv@java.com,Female,13.60.89.247
969,Anthiathia,Swyn,aswynqw@vistaprint.com,Genderfluid,204.17.54.160
970,Stefania,Oldall,soldallqx@msn.com,Female,25.41.75.246
971,Daphene,Joskowicz,djoskowiczqy@about.me,Female,44.116.148.26
972,Osmund,Bricket,obricketqz@delicious.com,Male,13.175.13.4
973,Devland,Benes,dbenesr0@symantec.com,Male,81.186.131.26
974,Charil,Larrie,clarrier1@cnbc.com,Female,152.144.132.232
975,Cherlyn,Kelling,ckellingr2@deliciousdays.com,Female,233.179.106.128
976,Pedro,Curm,pcurmr3@mozilla.com,Male,17.189.126.174
977,Scot,Ervin,servinr4@techcrunch.com,Male,144.159.138.18
978,Gav,Sprulls,gsprullsr5@mashable.com,Male,39.134.92.111
979,Rodd,Burch,rburchr6@dropbox.com,Male,26.208.174.177
980,Idelle,Salvadore,isalvadorer7@nature.com,Female,58.48.23.213
981,Julee,Dohrmann,jdohrmannr8@cdc.gov,Female,120.126.3.50
982,Terza,Satford,tsatfordr9@state.gov,Female,19.182.128.42
983,Maximilien,Glackin,mglackinra@ustream.tv,Male,87.29.85.191
984,Karoly,Atty,kattyrb@delicious.com,Female,22.64.226.42
985,Homere,Gealle,hgeallerc@disqus.com,Male,175.151.158.117
986,Lauree,Varne,lvarnerd@stanford.edu,Female,63.225.208.125
987,Kassi,Smail,ksmailre@narod.ru,Female,115.84.112.141
988,Fae,Roseblade,frosebladerf@chron.com,Female,228.195.146.86
989,Quintana,Pickervance,qpickervancerg@godaddy.com,Female,2.196.44.0
990,Bancroft,Bickmore,bbickmorerh@businesswire.com,Male,87.130.135.87
991,Violet,Lewton,vlewtonri@ocn.ne.jp,Agender,190.145.53.39
992,Gizela,Hynes,ghynesrj@paginegialle.it,Genderfluid,228.37.36.217
993,Susanne,Tompkinson,stompkinsonrk@amazon.de,Female,48.204.178.187
994,Levi,Gleadle,lgleadlerl@jalbum.net,Male,9.189.63.25
995,Barby,Eles,belesrm@sphinn.com,Female,124.6.33.58
996,Cordie,Popelay,cpopelayrn@hhs.gov,Female,191.144.81.81
997,Smitty,Wenderoth,swenderothro@twitpic.com,Male,34.84.202.214
998,Georgetta,Proctor,gproctorrp@ocn.ne.jp,Agender,207.147.229.156
999,Gearard,Crossgrove,gcrossgroverq@wix.com,Male,101.109.232.207
1000,Julianne,Caney,jcaneyrr@slashdot.org,Female,238.75.19.125
